page,date,slot,format,likes,comments,shares,engage,msg
Rocket21,2026-05-24 22:06,late    (21+)  ,paragraph,0,0,0,0,ก่อน 45 เลิกอวดรวย เอาเงินไปซื้อชีวิตคืน  วางแผนการเงิน #อิสรภาพการเงิน
Rocket21,2026-05-24 20:46,evening (16-20),paragraph,0,0,1,1,ตียงเป่าลมอัตโนมัติ หนาสะใจ 40/25 ซม. นอนนุ่มสบายพกพาง่าย!  🔌 มีปั๊มลมในตัว กดสว
Rocket21,2026-05-24 20:17,evening (16-20),paragraph,0,0,0,0,"เรามักมองว่าอนาคตคือดินแดนแห่งความไม่แน่นอน แต่แท้จริงแล้ว... ""อนาคตไม่แน่นอนไปก"
Rocket21,2026-05-24 18:11,evening (16-20),paragraph,0,0,0,0,เช้าเป็นเศรษฐี สายๆ เป็นผู้ประสบภัย... วงจรการเงินวัย 30 ที่แท้จริง 😂  #มนุษย์เง
Rocket21,2026-05-24 18:05,evening (16-20),paragraph,0,0,0,0,อยากลาออกแต่ยังออกไม่ได้... A: สู้เพื่อเงิน B: กรี๊ดในใจ  มนุษย์เงินเดือน #อยากล
Rocket21,2026-05-24 16:46,evening (16-20),paragraph,0,0,0,0,ทำไมการตัดสินใจ 'เริ่ม' ถึงเป็นเรื่องที่ยากที่สุดในชีวิต? ปรมาจารย์ด้านการเงิน R
Rocket21,2026-05-24 16:46,evening (16-20),paragraph,0,0,0,0,เลี้ยงลูกยุคนี้... เงินหมดไว เวลาน้อย กดดันสูง  พ่อแม่ยุคใหม่ #เลี้ยงลูก
Rocket21,2026-05-24 15:34,noon    (10-15),paragraph,0,0,0,0,คุณเชื่อไหมว่า 'การล้ม' คือส่วนหนึ่งของ 'ความสำเร็จ'? นักปราชญ์ชาวจีนโบราณอย่างข
Rocket21,2026-05-24 14:54,noon    (10-15),paragraph,0,0,0,0,ซื้อเก้าอี้สุขภาพหลักหมื่น แต่ท่าทางตอนนั่งจริงเหมือนคนไม่มีกระดูกสันหลัง... ไหล
Rocket21,2026-05-24 14:48,noon    (10-15),paragraph,0,0,0,0,อยากบอกตัวเองตอน 25 ให้รีบออมเงิน แล้วทุกคนล่ะ อยากบอกอะไรตัวเอง?  การเงิน #รีวิ
Rocket21,2026-05-24 12:59,noon    (10-15),paragraph,0,0,0,0,"ท่ามกลางพายุ คุณจะเลือกจม หรือโต้คลื่น? ตามภูมิปัญญาจีนโบราณได้กล่าวไว้ว่า: ""วิก"
Rocket21,2026-05-24 12:06,noon    (10-15),paragraph,0,0,0,0,ทำไมไม่มีเงินเก็บ? 1.จ่ายเก่ง 2.ไม่ออม 3.ติดหรู การเงิน #เงินเก็บ
Rocket21,2026-05-24 12:01,noon    (10-15),paragraph,1,0,0,1,เก้าอี้สุขภาพราคาหลักหมื่น แต่ท่านั่งจริงเหมือนคนกระดูกเหลว 🥲 #ออฟฟิศซินโดรม #ปว
Rocket21,2026-05-24 09:50,morning (00-09),paragraph,1,0,0,1,เงินเดือนมีไว้ให้ดีใจเล่นๆ 5 นาที... ที่เหลือเป็นหน้าที่ของสถาบันการเงินดูแลต่อ 
Rocket21,2026-05-24 09:44,morning (00-09),paragraph,0,0,0,0,เคยไหมที่รู้สึกติดอยู่กับบางสิ่งที่เราเปลี่ยนไม่ได้? นักเขียนรางวัลโนเบลผู้ยิ่งใ
Rocket21,2026-05-24 09:43,morning (00-09),paragraph,0,0,0,0,เมื่อก่อนเอาแต่ฝัน แต่รวยได้เพราะทำจริง วันนี้เริ่มก้าวแรกกันยัง?  ลงมือทำ #สร้า
Rocket21,2026-05-24 08:21,morning (00-09),paragraph,0,0,0,0,"กลางวันบอกบอสอย่างมั่นใจว่างานนี้จะ ""โฮ่ง"" มากค่ะคุณน้า... ตกเย็นโดนหมอกายภาพกดบ"
Rocket21,2026-05-24 08:19,morning (00-09),paragraph,0,0,0,0,คุณเคยสงสัยไหมว่าอะไรคือรากฐานที่แท้จริงของความกล้าหาญ? คำคมนี้มาจาก Amelia Earh
Rocket21,2026-05-24 08:19,morning (00-09),paragraph,0,0,0,0,ไม่พร้อมก็ลุยเลยจนรอดมาได้ มีใครกำลังรอเงินทุนอยู่ไหม?  เริ่มเลย #สู้ชีวิต
Rocket21,2026-05-23 22:03,late    (21+)  ,before_after,0,0,0,0,ก่อน: กลัวจนเหลือ 0 บาท หลัง: กล้าลุยจนมี 1 ล้าน  อิสรภาพทางการเงิน #ก้าวข้ามควา
Rocket21,2026-05-23 20:17,evening (16-20),paragraph,0,0,0,0,ความลับของการหยั่งรู้ อาจเริ่มต้นที่การฝันกลางวัน... คุณเห็นด้วยไหม? จากปลายพู่ก
Rocket21,2026-05-23 19:55,evening (16-20),paragraph,0,0,0,0,เคยท้อกับอุปสรรคเล็กๆ น้อยๆ จนเกือบถอดใจไหม? ภูมิปัญญาจีนโบราณสอนไว้ว่า ผู้ที่ไม
Rocket21,2026-05-23 19:55,evening (16-20),paragraph,0,0,0,0,ล้มไม่ได้ มีคนรอ 1.พักกาย 2.เติมใจ 3.สู้ต่อ  สู้เพื่อคนข้างหลัง #พลังใจ
Rocket21,2026-05-23 18:03,evening (16-20),paragraph,0,0,0,0,แต่ก่อน นอน 8 ชม. ตอนนี้ ตื่นทุก 8 นาที!  ชีวิตพ่อแม่ #ไม่มีเวลานอน
Rocket21,2026-05-23 16:38,evening (16-20),paragraph,0,0,0,0,อะไรคือแรงขับเคลื่อนที่สำคัญที่สุดในการพิชิตทุกเป้าหมายของคุณ? Brian Tracy ผู้เช
Rocket21,2026-05-23 14:35,noon    (10-15),paragraph,0,0,0,0,พ่อแม่ในวัย 35 โชว์โฉนดที่ดินสร้างความมั่นคง ส่วนเราโชว์อาร์ตทอยตัวละสี่พันในตู้
Rocket21,2026-05-23 14:30,noon    (10-15),paragraph,0,0,0,0,"แต่ก่อน หา 50,000 เหลือ 0 ตอนนี้ หา 30,000 เก็บ 15,000  การเงิน #ออมเงิน"
Rocket21,2026-05-23 11:46,noon    (10-15),before_after,0,0,0,0,ก่อน: จ่าย 100k ก็ย้วย หลัง: วิ่ง 0 บาท หุ่นเป๊ะมาก  วินัยสร้างได้ #เปลี่ยนตัวเอ
Rocket21,2026-05-23 11:39,noon    (10-15),paragraph,0,0,0,0,แต่งตัวสตรีทฟีลวัยรุ่นเทสดี แต่ตอนสแกนเมนูต้องยืดแขนจนสุดปลอกเหมือนจะรำไทเก๊ก ดี
Rocket21,2026-05-23 09:24,morning (00-09),paragraph,0,0,0,0,เมื่อเงินเกษียณ 10 ล้านมันห่างไกล แต่คอนเสิร์ตยุค 90s กับอาร์ตทอยมันต้องมี... ทา
Rocket21,2026-05-23 09:22,morning (00-09),paragraph,0,0,0,0,ชีวิตเปลี่ยนได้ แค่กล้าตัดสินใจครั้งเดียว  ก้าวแรก #เปลี่ยนชีวิต
Rocket21,2026-05-22 23:27,late    (21+)  ,paragraph,0,0,0,0,ก่อน 45 รีบจัดการเงิน! 1.ลดหนี้ 2.ออมเงิน 3.ลงทุน  การเงิน #วางแผนการเงิน
Rocket21,2026-05-22 21:57,late    (21+)  ,paragraph,0,0,0,0,เคยคิดว่าอิสระการเงินเป็นแค่ฝัน จริงๆ มันฝึกกันได้ ใครอยากลองบ้าง?  อิสรภาพทางกา
Rocket21,2026-05-22 21:30,late    (21+)  ,before_after,0,0,0,0,ก่อน: มี 50 บ. เช็กจนท้อ หลัง: จ่ายแสน สแกนจ่ายไม่มองยอด  ความสุขที่แท้จริง #ชีว
Rocket21,2026-05-22 19:12,evening (16-20),paragraph,0,0,0,0,ลุ้นผลตรวจสุขภาพนึกว่าแกะกล่องสุ่มอาร์ตทอย กรี๊ดลั่นบ้านได้ตัว Secret... ที่ไหนไ
Rocket21,2026-05-22 19:11,evening (16-20),paragraph,0,0,0,0,เลิกงานแล้ว สมองคุณ... A: คิดงานต่อ B: ปิดสวิตช์เลย  ชีวิตทำงาน #มนุษย์เงินเดือน
Rocket21,2026-05-22 15:31,noon    (10-15),paragraph,0,0,0,0,"ลุ้นกล่องสุ่มแทบตาย แต่ ""ตัวซีเคร็ท"" ที่วัย 35+ ต้องการจริง ๆ คือแผ่นแปะแก้ปวดสู"
Rocket21,2026-05-22 15:21,noon    (10-15),paragraph,0,0,0,0,สอบผ่านทุกวิชา แต่สอบตกเรื่องการเงิน  การเงิน #บทเรียนชีวิต
Rocket21,2026-05-22 12:07,noon    (10-15),paragraph,0,0,0,0,สูตรคณิตจำได้หมด แต่วิธีปลดหนี้ไม่มีสอน  การเงิน #ข้อคิดดีๆ
Rocket21,2026-05-22 11:56,noon    (10-15),list,0,0,0,0,กู้ผิวหมอง คืนความกระจ่างใสแบบวิทยาศาสตร์ผิวหนัง - The Skin Collection Serum: สู
Rocket21,2026-05-22 11:43,noon    (10-15),paragraph,0,0,0,0,หนา ทนทาน ซื้อครั้งเดียวจบใช้งานได้หลายปี! เสื้อกันฝนรุ่นหนาพิเศษ ผลิตจากเนื้อผ้
Rocket21,2026-05-22 11:36,noon    (10-15),paragraph,1,0,0,1,ทรง U-shape ขนาดใหญ่หนุนสบาย ถอดซักได้ ส่งฟรีทั่วไทย! ☁️ หมอนอิงพิงหลังข้างเตียง
Rocket21,2026-05-22 11:30,noon    (10-15),paragraph,0,0,0,0,รู้ตัวอีกทีเงินหมด! 3 ค่าใช้จ่ายแอบแฝงที่สูบเงินเก็บคุณหายเกลี้ยงทุกเดือน  1. แอ
Rocket21,2026-05-22 10:52,noon    (10-15),paragraph,0,0,0,0,ปากพยักหน้าตอบ “ได้ครับบอส” ด้วยรอยยิ้มอย่างเป็นมิตร แต่ในใจคือหยุมหัวไปแล้วแปดร
Rocket21,2026-05-22 10:19,noon    (10-15),paragraph,0,0,0,0,เงินเก็บหายไปไหนหมด? แฉ 3 ค่าใช้จ่ายแฝงที่คอยสูบเงินคุณทุกเดือน!  1. **แอปพลิเคช
Rocket21,2026-05-21 23:39,late    (21+)  ,paragraph,0,0,0,0,คนที่ปลดหนี้สำเร็จ เค้าใช้วิธีไหนกัน? A. ประหยัดขั้นสุด B. หารายได้เสริมรัวๆ  #ป
Rocket21,2026-05-21 19:30,evening (16-20),paragraph,0,0,0,0,ตั้งใจจะตื่นตี 5 มาวิ่งกู้ร่างทอง แต่พ่ายแพ้ปุ่มเลื่อนปลุก ตื่นอีกที 9 โมงวิ่งผ่
Rocket21,2026-05-21 11:28,noon    (10-15),paragraph,0,0,0,0,พื้นนุ่ม สไตล์เท่ ปรับสายได้ตามรูปเท้า! 👟 รองเท้าแตะ GAMBOL รุ่นโปรโมชั่นพิเศษ ด
Rocket21,2026-05-21 11:08,noon    (10-15),paragraph,0,0,0,0,นุ่ม เบา ทนทาน พร้อมลุยหน้าฝนแบบมั่นใจ! 💦 Rubber Soul Flex New รองเท้าแตะสวมของแ
Rocket21,2026-05-21 10:58,noon    (10-15),paragraph,0,0,1,1,บอกลาองเท้าแตะแข็งๆ ที่ใส่แล้วเจ็บง่ามนิ้วเท้าได้เลยครับ! จัด ADDA คู่นี้ไปลอง น
